channelTitle,VideoTitle,channelViewCount,subscriberCount,videoCount,VideoViewCount,likeCount,dislikeCount,commentCount,description
Republic Bharat,Arnab Goswami Out Of Jail Amid Massive Support | LIVE News | LIVE TV 24x7 | Republic Bharat LIVE,1175295776,,397,309848068,,,0,ArnabIsBack #IndiaWithArnab #ArnabGoswami #LIVETV #LIVENews#RepublicBharat #LIVENews #LIVETV #ArnabGoswamiLIVE #HindiNews #BreakingNews ...
HabertÃ¼rk TV,HabertÃ¼rk TV CanlÄ± YayÄ±n á´´á´°,2738253671,10600000,57,78655067,58124,22266,0,Haberturk TV YouTube KanalÄ±na Abone Ol â¤ http://hbr.tk/QNhqSs â¤ http://twitter.com/HaberturkTV â¤ http://www.haberturk.com/tv ...
Ğ¤Ğ¸Ğ»ÑŒĞ¼Ñ‹ Ğ¸ Ğ¡ĞµÑ€Ğ¸Ğ°Ğ»Ñ‹ Ğ¡Ñ‚ÑƒĞ´Ğ¸Ğ¸ ĞšĞ²Ğ°Ñ€Ñ‚Ğ°Ğ» 95,#ĞÑÑ‚Ğ°Ğ²Ğ°Ğ¹ÑÑĞ”Ğ¾Ğ¼Ğ° - Ğ¡ĞµÑ€Ğ¸Ğ°Ğ»Ñ‹ Ğ¡Ğ²Ğ°Ñ‚Ñ‹ Ğ¸ Ğ‘Ğ°Ğ¹ĞºĞ¸ ĞœĞ¸Ñ‚ÑÑ - Ğ’ÑĞµ ÑĞµÑ€Ğ¸Ğ¸ Ğ¿Ğ¾Ğ´Ñ€ÑĞ´,91961251,2590000,104,77823536,188561,18432,0,"Ğ’ÑĞµ ÑĞµĞ·Ğ¾Ğ½Ñ‹ Ğ¸ Ğ²ÑĞµ ÑĞµÑ€Ğ¸Ğ¸ Ğ¿Ğ¾Ğ¿ÑƒĞ»ÑÑ€Ğ½Ñ‹Ñ… ÑĞµÑ€Ğ¸Ğ°Ğ»Ğ¾Ğ² ÑÑ‚ÑƒĞ´Ğ¸Ğ¸ ĞšĞ²Ğ°Ñ€Ñ‚Ğ°Ğ» 95 - Ğ¡Ğ²Ğ°Ñ‚Ñ‹ Ğ¸ Ğ‘Ğ°Ğ¹ĞºĞ¸ ĞœĞ¸Ñ‚ÑÑ ĞŸĞ°Ğ¿Ğ¸Ğº - Ğ¡ĞµÑ€Ğ¸Ğ°Ğ» ĞºĞ¾Ğ¼ĞµĞ´Ğ¸Ñ 2019, Ğ²ÑĞµ ÑĞµÑ€Ğ¸Ğ¸ ..."
BLACKPINK,BLACKPINK - &#39;Lovesick Girls&#39; DANCE PRACTICE VIDEO,2792354926,7880000,1139,73900001,3475040,58757,196632,BLACKPINK #ë¸”ë™í•‘í¬ #LovesickGirls #DANCE_PRACTICE_VIDEO #ì•ˆë¬´ì˜ìƒ #YG.
ABN Telugu,ABN Telugu LIVE,554489555,1120000,139397,65983592,39658,17008,0,ABN Telugu Live is a 24/7 news channel in Andhra Pradesh and Telangana. Watch the latest Telugu news LIVE on the most subscribed news channel on ...
Polimer News,ğŸ”´LIVE: Polimer News Live | Tamil News| Corona Live Updates| Weather Forecast| Edappadi Palanisamy,502873110,3870000,638,64976514,119110,27148,0,"Watch Polimer News, Tamil Nadu's No. 1 news channel, live! Catch breaking news and live reports as they emerge around the world. Stay updated on the latest ..."
Apple,Apple Event â€” October 13,775446549,13500000,189,54952798,928116,55316,,"Watch the special Apple Event and learn about the latest updates for HomePod mini, iPhone, and more. To watch the event interpreted in American Sign ..."
ChuChu TV Nursery Rhymes & Kids Songs,ChuChu TV Nursery Rhymes &amp; Kids Songs Live Stream,12372659707,19900000,782,44737041,281183,187929,0,Click here to Subscribe to our channel - https://bit.ly/32NxN7y View other NEW 3D Animated Nursery Rhymes with Baby Taku from ChuChu TV: Baby goes to ...
Ğ‘ÑƒĞ±Ğ° â€” Ğ¼ÑƒĞ»ÑŒÑ‚Ñ„Ğ¸Ğ»ÑŒĞ¼ Ğ´Ğ»Ñ Ğ´ĞµÑ‚ĞµĞ¹,Ğ‘ÑƒĞ±Ğ° - Ğ’ÑĞµ ÑĞµÑ€Ğ¸Ğ¸ Ğ¿Ğ¾Ğ´Ñ€ÑĞ´ ğŸ”´ ĞŸĞ Ğ¯ĞœĞĞ™ Ğ­Ğ¤Ğ˜Ğ  - ĞœÑƒĞ»ÑŒÑ‚Ñ„Ğ¸Ğ»ÑŒĞ¼ Ğ´Ğ»Ñ Ğ´ĞµÑ‚ĞµĞ¹,38777379,364000,23,43557598,,,0,"Ğ¡Ğ±Ğ¾Ñ€Ğ½Ğ¸Ğº Ğ²ÑĞµÑ… ÑĞµÑ€Ğ¸Ğ¹ Ğ¼ÑƒĞ»ÑŒÑ‚Ñ„Ğ¸Ğ»ÑŒĞ¼Ğ° Ğ‘ÑƒĞ±Ğ°. Ğ¡Ğ¼Ğ¾Ñ‚Ñ€Ğ¸Ñ‚Ğµ Ğ¿Ğ¾Ğ´Ñ€ÑĞ´ Ğ²ÑĞµ ÑĞµÑ€Ğ¸Ğ¸ Ğ¼ÑƒĞ»ÑŒÑ‚Ğ¸ĞºĞ° Ğ¾ Ğ¿Ñ€Ğ¸ĞºĞ»ÑÑ‡ĞµĞ½Ğ¸ÑÑ… Ğ²ĞµÑÑ‘Ğ»Ğ¾Ğ³Ğ¾ Ğ‘ÑƒĞ±Ñ‹, ĞºĞ¾Ñ‚Ğ¾Ñ€Ñ‹Ğ¹ Ğ¸Ğ·ÑƒÑ‡Ğ°ĞµÑ‚ ÑĞ¾Ğ²Ñ€ĞµĞ¼ĞµĞ½Ğ½Ñ‹Ğ¹ Ğ¼Ğ¸Ñ€."
LadyGagaVEVO,Lady Gaga - 911 (Official Music Video),527527081,1850000,23748,40919087,1350492,71922,143093,"CHROMATICAâ€ THE SIXTH ALBUM BY LADY GAGA FEATURING ""911"" OUT NOW http://smarturl.it/Chromatica SHOP THE OFFICIAL CHROMATICA ..."
YOUNGOHM,YOUNGOHM - à¸à¹ˆà¸­à¸™à¸™à¸­à¸™à¸„à¸·à¸™à¸™à¸µà¹‰ (Official Video),5715788723,39900000,1331,35106533,439374,7099,6586,"""à¸à¹ˆà¸­à¸™à¸™à¸­à¸™à¸„à¸·à¸™à¸™à¸µà¹‰"" à¸ˆà¸²à¸à¸­à¸±à¸¥à¸šà¸±à¹‰à¸¡ BANGKOK LEGACY à¸¡à¸µà¹ƒà¸«à¹‰à¸Ÿà¸±à¸‡à¹à¸¥à¹‰à¸§à¸§à¸±à¸™à¸™à¸µà¹‰à¸—à¸¸à¸ streaming platforms : https://backl.ink/142672618 Directed by FEIFEI (Pisinee Khaosamai) ..."
My Tam,Má»¸ TÃ‚M - ÄÃšNG CÅ¨NG THÃ€NH SAI | OFFICIAL MUSIC VIDEO,162364270,,165,34815109,431529,15622,121386,ÄÃšNG CÅ¨NG THÃ€NH SAI - Má»¸ TÃ‚M Spotify: http://open.spotify.com/album/5pB6JpmCb0BhkOc3bZHfxj iTunes: ...
Jugni Series Cassettes,Love Guru 2 | Rashmika Mandanna in Hindi Movie | New Hindi Dubbed Full Movies South Indian Action,2841210214,4510000,134271,21183968,154374,17602,,Love Guru 2 | Rashmika Mandanna in Hindi Movie | New Hindi Dubbed Full Movies South Indian Action Subscribe Our Channel For More Videos Updates ...
æ±æ£®æ–°è CH51,EBC æ±æ£®æ–°è 51 é »é“ 24 å°æ™‚ç·šä¸Šç›´æ’­ï½œTaiwan EBC 24h live newsï½œå°æ¹¾ EBC ãƒ‹ãƒ¥ãƒ¼ã‚¹24 æ™‚é–“ã‚ªãƒ³ãƒ©ã‚¤ãƒ³æ”¾é€ï½œëŒ€ë§Œ ë‰´ìŠ¤ ìƒë°©ì†¡,740861632,653000,83,20772095,13659,5218,0,è¨Šè™Ÿæœ‰æ™‚æœƒä¸ç©©å®šã€‚è‹¥æ”¶è¦–ä¸åˆ°ï¼Œè«‹é‡é€£ï¼šhttps://youtu.be/63RmMXCd_bQ æ°¸ä¹…ç¶²å€ï¼šhttp://www.youtube.com/c/newsebc/live â—‹åŠ å…¥æ±æ£®æ–°èæœƒå“¡ã€æ±æ£®æ–°èç‰¹æ´¾ ...
Zeynep BastÄ±k,"Zeynep BastÄ±k, Emir Can Ä°ÄŸrek - DargÄ±n",184051728,482000,152,20361832,223884,11165,13071,"""DargÄ±n"" tÃ¼m dijital platformlarda yayÄ±nda! Spotify'dan dinlemek isterseniz: https://spoti.fi/3gUWcLV Instagram'dan beni takip etmek isterseniz: ..."
Official fromis_9,í”„ë¡œë¯¸ìŠ¤ë‚˜ì¸ (fromis_9) &#39;Feel Good (SECRET CODE)&#39; M/V,90580191,265000,48,17844686,215245,2352,21137,í”„ë¡œë¯¸ìŠ¤ë‚˜ì¸ (fromis_9) 'Feel Good (SECRET CODE)' M/V #fromis_9 #My_Little_Society #Feel_Good í”„ë¡œë¯¸ìŠ¤ë‚˜ì¸ì´ íŒ”ìƒ‰ì¡°ë¥¼ ë›°ì–´ ë„˜ëŠ” 'êµ¬ìƒ‰ì¡°' ë§¤ë ¥ìœ¼ë¡œ ëŒì•„ ...
Peppa Pig - Official Channel,Peppa Pig Official Channel ğŸ’› LIVE! ğŸ’› Peppa Pig Toy Play,490979890,312000,541,16164814,63095,35631,0,Subscribe for more videos: http://bit.ly/PeppaPigYT #Peppa #PeppaPig #PeppaPigEnglish â¤ï¸ Watch the latest uploads here!
Tarcisio do Acordeon - A Nova Cara das Vaquejadas,NÃŠGA - TarcÃ­sio do Acordeon e Vitor Fernandes (CLIPE OFICIAL),1459953574,3070000,81307,14754882,265646,5009,3362,Vamos mostrar a forÃ§a da VAQUEIRAMA se inscrevendo no Canal! Escute o CD completo nas plataformas digitais: ...
BANGTANTV,[BANGTAN BOMB] &#39;Dynamite&#39; Stage CAM (BTS focus) @ 2020 iHeartRadio Music Festival - BTS (ë°©íƒ„ì†Œë…„ë‹¨),476564168,1440000,60731,14624654,1718777,7635,61056,Tune in for the iHeartRadio Music Festival 2-night event Sunday 9/27 and Monday 9/28 at 8pm ET/7PM CT only on The CW #iHeartOnTheCW Connect with ...
News18 India,Bihar à¤®à¥‡à¤‚ à¤«à¤¿à¤° à¤à¤• à¤¬à¤¾à¤° NDA à¤¸à¤°à¤•à¤¾à¤° | Bihar Election Results 2020| News18 India LIVE |à¤†à¤œ à¤•à¥€ à¤¤à¤¾à¤œà¤¾ à¤–à¤¬à¤° 24X7,12586582072,28600000,72,13924385,53502,20402,0,Bihar Election Result 2020 LIVE Updates | Hindi News | News18 India LIVE TV | Aaj Ki Taaja Khabar Bihar à¤µà¤¿à¤§à¤¾à¤¨à¤¸à¤­à¤¾ à¤šà¥à¤¨à¤¾à¤µ à¤®à¥‡à¤‚ à¤à¤• à¤¬à¤¾à¤° à¤«à¤¿à¤° à¤¸à¥‡ NDA ...
ChristianNodalVEVO,Christian Nodal - AquÃ­ Abajo (LETRA),13408766545,52900000,322,14345162,111367,2168,1513,Music video by Christian Nodal performing AquÃ­ Abajo (LETRA). Fonovisa; Â© 2020 Universal Music Mexico S.A. de C.V. http://vevo.ly/L8Rcgt.
Troom Troom SELECT,What If Disney Princesses Were Pregnant,2701338657,1430000,271264,12935246,77554,13170,2456,Subscribe Here: https://www.youtube.com/channel/UCIJ44QRtVGm_gBh_deuL5ow?sub_confirmation=1 If Social Media Were Humans / 12 Funny Situations ...
Allie Sherlock,HIS REACTION WHEN SHE SINGS | Unchained Melody - Righteous Brothers | Allie Sherlock &amp; Cuan Durkin,7529285295,20000000,1453,12444235,271791,4458,12120,"In this video we are singing ""Unchained Melody by The Righteous Brothers. Wait for Cuan's reaction when I hit the high note. It made my day when I watched it ..."
ä¸‰ç«‹iNEWS,ã€#ç¾æ­£ç›´æ’­ã€‘iNEWS æœ€æ­£æ–°èå° LIVEâ”‚SET iNEWS LIVEâ”‚SET iNEWS ãƒ‹ãƒ¥ãƒ¼ã‚¹ã‚ªãƒ³ãƒ©ã‚¤ãƒ³ç”Ÿæ”¾é€,1316016011,4960000,15191,11831939,10991,5424,0,ã€æ”¿ç™¼ç”Ÿã€‘PODCASTâ²https://ppt.cc/fJhTLx ã€æ¯æ—¥å¿«è¨Šã€‘https://ppt.cc/f4CBax ã€èŠå¤©å®¤è¦ç¯„ã€‘æ­¡è¿å¤§å®¶ä¾†èŠå¤©æœ¬èŠå¤©å®¤å°Šé‡å¤§å®¶ä¸åŒæ”¿æ²»å‚¾å‘ã€åœ‹åˆ¥èªåŒã€å®—æ•™ã€æ€§å–å‘ï¼Œ ...
CORPSE,E-GIRLS ARE RUINING MY LIFE! ft. Savage Ga$p,1062561883,2040000,88,11494543,527109,5218,22448,SPOTIFY: https://open.spotify.com/track/7bCfHiRcfUjG0YVVNUL7Ve?si=PAI4nQP7QgKObKuEjQpfiA CORPSE: www.instagram.com/corpse_husband/ Savage ...
Judika Entertainment,Judika - Putus atau Terus (Official Music Video),779591635,763000,54792,10692179,281103,4485,17401,"Putus?? atau...terus?? Kebanyakan orang pasti pernah mengalami situasi ini, situasi dimana hubungan dengan pasangan lebih baik diakhiri atau dilanjutkan.."
beIN SPORTS,beIN SPORTS Ø§Ù„Ø¥Ø®Ø¨Ø§Ø±ÙŠØ©,7563310,41,1,9513354,58633,2936,0,Visit our website: https://www.beinsports.com Follow us on Social Media: Twitter: https://twitter.com/beinsports_mena https://twitter.com/beinsports Instagram: ...
Chillhop Music,lofi hip hop radio - beats to study/relax to ğŸ¾,44636225,,1,8824959,125023,2024,0,We hope you enjoy these chill lofi hip hop tunes while studying / chilling / working. â™¥ Lofi Hip Hop Playlists â†ªï¸ Spotify: https://chillhop.lnk.to/lofihiphop ...
Mikecrack,"Â¡ESCAPA DEL DOCTOR MALVADO! ğŸ”ªğŸ˜± MIKECRACK, TROLLINO y RAPTOR ğŸ˜­ğŸš« ROBLOX #36",734419221,174000,44,7600890,285501,8890,16726,El doctor malvado de Roblox nos ha atrapado en el hospital hasta que seamos operados como Trollino kawaii... Â¿Lograremos escapar? D: Rango ...
ELAOVEVO,Everybody Loves An Outlaw - I See Red (Official Lyric Video),38187441,1020000,7,7570749,92709,1188,1213,Listen to â€œI See Redâ€ by Everybody Loves An Outlaw now: https://elao.lnk.to/ISeeRedID Amazon Music: https://elao.lnk.to/ISeeRedID/amazonmusic Apple Music: ...
Nadeem Sarwar,Mera Maula Ali | Nadeem Sarwar | 2020 | 1442,15297685,158000,388,6987691,128158,4531,17576,"Mera Maula Ali Ø¹ - Kalam-E-Ishq-E-Ali Ø¹ Aur Matam-E-Ishq- E-Ali Ø¹ ""Dil Hai Dil, Aur Dil Me Ali Ø¹"" Central Idea / Composition: Nadeem Sarwar, Ali Shanawar & Ali ..."
Ğ¢ĞµĞ»ĞµĞºĞ°Ğ½Ğ°Ğ» ĞŸÑ€ÑĞ¼Ğ¸Ğ¹,Ğ¢ĞµĞ»ĞµĞºĞ°Ğ½Ğ°Ğ» ĞŸÑ€ÑĞ¼Ğ¸Ğ¹ Ğ¾Ğ½Ğ»Ğ°Ğ¹Ğ½-Ñ‚Ñ€Ğ°Ğ½ÑĞ»ÑÑ†Ñ–Ñ,21673198,1180,13,5949176,,,0,Ğ”Ğ Ğ£Ğ—Ğ†! ĞŸĞ†Ğ”ĞŸĞ˜Ğ¨Ğ†Ğ¢Ğ¬Ğ¡Ğ¯ ĞĞ ĞĞĞ¨ ĞĞĞ’Ğ˜Ğ™ ĞšĞĞĞĞ›! https://www.youtube.com/channel/UCD5wBfHbwW3jDTfDugPp88Q #ĞŸÑ€ÑĞ¼Ğ¸Ğ¹ ĞŸÑ€ÑĞ¼Ğ¸Ğ¹ Ğ¾Ğ½Ğ»Ğ°Ğ¹Ğ½. ĞŸÑ€ÑĞ¼Ğ¸Ğ¹ ...
C5N,C5N en vivo - #larealidad,3357332014,1680000,74,5429272,16792,3491,0,larealidad la vivÃ­s en C5N. Toda la informaciÃ³n sobre el #coronavirus la #economÃ­a y la #polÃ­tica argentina en la transmisiÃ³n en vivo del canal lÃ­der en noticias.
OficialHungria,Hungria Hip Hop - Um Pedido (Official Music Video),23622960,238000,414,5422724,157109,1855,3001,OuÃ§a em todas as plataformas de streaming: http://bit.ly/CheiroDoMato Acompanhe a playlist oficial da Best no Spotify! http://spoti.fi/2V9uoeA @hungria_oficial ...
DW News,ğŸ”´ DW News Live: Breaking news and in-depth analysis from around the world,165201473,1550000,565,4534507,14598,2825,0,"DW News goes deep beneath the surface, providing the key stories from Europe and around the world. Exciting reports and interviews from the worlds of politics, ..."
Colgate-Palmolive Europe,"3 dobre powody, by wymieniÄ‡ szczoteczkÄ™ do zÄ™bÃ³w",365705374,57200,771,4657481,,,,"Wymieniaj szczoteczkÄ™ do zÄ™bÃ³w co 3 miesiÄ…ce, by zapobiec rozwojowi bakterii na wÅ‚Ã³knach, po przeziÄ™bieniu lub gdy wÅ‚Ã³kna ulegnÄ… znieksztaÅ‚ceniu."
Leord Produciendo,Tokischa X Yomel El Meloso - Desacato Escolar - (Video Oficial),361150140,2990000,521,3872236,111876,10550,4860,tokishca #yomelelmeloso #leordproduciendo Disponible en todas las plataformas digitales! Director Creativo : Raymi Paulus Spotify: https://spoti.fi/2Ip3N9W ...
Thuá»· TiÃªn Official,Sao Anh KhÃ´ng Ä‚n | Thuá»· TiÃªn | Official Music Video,1658689146,3270000,174,3727607,85765,1678,8726,Thuytien #Congvinh #Saka Sao Anh KhÃ´ng Ä‚n | Thuá»· TiÃªn | Official Music Video Singer : Thuá»· TiÃªn Executive Producer : Thuá»· TiÃªn Script Writer : Thuá»· TiÃªn ...
NathyPelusoVEVO,Nathy Peluso - SANA SANA,1261134120,3780000,48,3763737,129268,5943,6669,NATHY PELUSO performing SANA SANA Download & stream SANA SANA: https://NathyPelusoES.lnk.to/SanaSana Preorder CALAMBRE: ...
CanlÄ± Radyo Dinle,Fenomen TÃ¼rk CanlÄ± Radyo Dinle - Hit MÃ¼zik 2019 En Yeni TÃ¼rkÃ§e Pop Remix ÅarkÄ±lar 2020,182237115,284000,51062,3508549,3503,742,0,Fenomen TÃ¼rk CanlÄ± Radyo Dinle - Hit MÃ¼zik 2019 En Yeni TÃ¼rkÃ§e Pop Remix ÅarkÄ±lar 2020 CanlÄ± Radyo Dinle KanalÄ±mÄ±za abone olmayÄ± ve radyoyu ...
TV Derana - LIVE,TV Derana -  Live Stream,270010587,1350000,68,3379547,16615,2716,,"Watch Sinhala Teledramas, gossips, pictures & get more updates... http://www.derana.lk http://derana.lk/dreamstar http://derana.lk/misssrilanka Join official fan ..."
OfficialGucciMane,Big Scarr - Endzone [Official Music Video],2047703841,4090000,278,3443180,36005,898,1222,Big Scarr - Endzone [Official Music Video] Download/Stream - https://bigscarr.lnk.to/Endzone Directed by Jordan Spencer Gucci Mane Presents: So Icy Summer ...
ĞœĞĞ¢,"ĞœĞ¾Ñ‚ - Ğ“ÑƒĞ´ĞºĞ¸ (ĞŸÑ€ĞµĞ¼ÑŒĞµÑ€Ğ° ĞºĞ»Ğ¸Ğ¿Ğ°, 2020)",355814405,575000,15335,2921363,47168,1772,1816,Ğ¡Ğ»ÑƒÑˆĞ°Ğ¹ Ğ½Ğ° Ğ²ÑĞµÑ… Ğ¿Ğ»Ğ¾Ñ‰Ğ°Ğ´ĞºĞ°Ñ…: https://band.link/VHHnL/ ---------------------------------------------------------- HUAWEIP40Pro - https://bit.ly/2GWqD80 ÑĞ¼Ğ°Ñ€Ñ‚Ñ„Ğ¾Ğ½ Ñ ...
FeidVEVO,"Feid, Miky Woodz, Juhn - enemigos (Audio)",9760141548,9130000,169,2843138,42812,405,687,"Music video by Feid, Miky Woodz, Juhn El All Star performing enemigos (Audio). Universal Music Latino; Â© 2020 UMG Recordings, Inc. http://vevo.ly/cCSM1j."
YouTube Movies,Super Fast!,27081496043,42000000,391,,31095,3771,3249,"A spoof on The Fast and Furious (2001). An undercover cop must infiltrate an ethnically diverse gang of car thieves, underground racers and gift-card ..."
FRANCE 24 English,FRANCE 24 English â€“ LIVE â€“ International Breaking News &amp; Top stories - 24/7 stream,120580151,508000,366,2555995,7537,1927,0,Watch FRANCE 24 live in English on YouTube for free Subscribe to France 24 now https://f24.my/YTen Watch France 24 live news: all the latest news live ...
Tom MacDonald,Tom MacDonald - &quot;Im Corny&quot; (TOM MACDONALD DISS),864275264,2660000,306,2552341,120988,6087,14711,AUTOGRAPHED ALBUMS: http://www.HangOverGang.com/store SUBSCRIBE TO THIS CHANNEL & CONNECT W/ TOM MACDONALD! FACEBOOK: ...
DailySounds,Monaldin - Femma Like You (ft. Emma PÃ©ters),285796949,4290000,2032,2500054,33217,317,166,DailySounds - Quality Music Makes Your Day âœ“Facebook: http://on.fb.me/1RLCF1R âœ“Soundcloud: http://bit.ly/1OWxJkX âœ“Instagram: https://bit.ly/2V9cjws ...
ElReja,El Reja - Fernet FÃºtbol y Cumbia,2904771918,2820000,459,2369541,33584,648,879,Seguime en Instagram https://www.instagram.com/elrejaoficial/ ProducciÃ³n Musical @Bunnker https://www.instagram.com/lucasbunnker/
Bruno Mars,Bruno Mars - Marry You [Official Lyric Video],2936024500,10400000,63048,2326512,66015,588,2333,Celebrating the 10th Anniversary of Doo-Wops & Hooligans! Stream/Download 'Doo-Wops & Hooligans': https://brunomars.lnk.to/DooWopsAndHooligansID ...
